{
  "version": 1,
  "author": "Pedro",
  "editor": "wokwi",
  "parts": [
    { "type": "board-esp32-devkit-c-v4", "id": "esp", "top": -9.6, "left": 4.84, "attrs": {} },
    { "type": "wokwi-pir-motion-sensor", "id": "pir1", "top": -92, "left": -112.98, "attrs": {} },
    { "type": "wokwi-led", "id": "led1", "top": -42, "left": 195.8, "attrs": { "color": "red" } },
    {
      "type": "wokwi-resistor",
      "id": "r1",
      "top": 72,
      "left": 210.65,
      "rotate": 90,
      "attrs": { "value": "220" }
    }
  ],
  "connections": [
    [ "esp:TX", "$serialMonitor:RX", "", [] ],
    [ "esp:RX", "$serialMonitor:TX", "", [] ],
    [ "pir1:VCC", "esp:3V3", "red", [ "v0" ] ],
    [ "pir1:OUT", "esp:12", "green", [ "v0" ] ],
    [ "pir1:GND", "esp:GND.1", "black", [ "v0" ] ],
    [ "led1:C", "esp:GND.2", "green", [ "v0" ] ],
    [ "led1:A", "r1:1", "green", [ "v0" ] ],
    [ "r1:2", "esp:4", "green", [ "h0" ] ]
  ],
  "dependencies": {}
}